file_name,file_type,pic,label,type
azurlane_0,.jpg,azurlane_0.jpg,0,0
azurlane_1,.jpg,azurlane_1.jpg,0,0
azurlane_2,.jpg,azurlane_2.jpg,0,0
azurlane_3,.jpg,azurlane_3.jpg,1,0
azurlane_4,.jpg,azurlane_4.jpg,1,0
azurlane_5,.jpg,azurlane_5.jpg,1,0
azurlane_6,.jpg,azurlane_6.jpg,1,0
azurlane_7,.jpg,azurlane_7.jpg,1,0
azurlane_8,.jpg,azurlane_8.jpg,1,0
azurlane_9,.jpg,azurlane_9.jpg,1,0
azurlane_10,.jpg,azurlane_10.jpg,1,0
azurlane_11,.jpg,azurlane_11.jpg,1,0
azurlane_12,.jpg,azurlane_12.jpg,1,0
azurlane_13,.jpg,azurlane_13.jpg,1,0
azurlane_14,.jpg,azurlane_14.jpg,1,0
azurlane_15,.jpg,azurlane_15.jpg,1,0
azurlane_16,.jpg,azurlane_16.jpg,1,0
azurlane_17,.jpg,azurlane_17.jpg,1,0
azurlane_18,.jpg,azurlane_18.jpg,1,0
azurlane_19,.jpg,azurlane_19.jpg,1,0
azurlane_20,.jpg,azurlane_20.jpg,1,0
azurlane_21,.jpg,azurlane_21.jpg,1,0
azurlane_22,.jpg,azurlane_22.jpg,1,0
azurlane_23,.jpg,azurlane_23.jpg,1,1
azurlane_24,.jpg,azurlane_24.jpg,1,1
azurlane_25,.jpg,azurlane_25.jpg,1,1
azurlane_26,.jpg,azurlane_26.jpg,1,1
azurlane_27,.jpg,azurlane_27.jpg,1,1
azurlane_28,.jpg,azurlane_28.jpg,1,1
azurlane_29,.jpg,azurlane_29.jpg,1,1
azurlane_30,.jpg,azurlane_30.jpg,1,1
azurlane_31,.jpg,azurlane_31.jpg,1,2
azurlane_32,.jpg,azurlane_32.jpg,1,2
azurlane_33,.jpg,azurlane_33.jpg,1,2
azurlane_34,.jpg,azurlane_34.jpg,1,2
azurlane_35,.jpg,azurlane_35.jpg,1,2
azurlane_36,.jpg,azurlane_36.jpg,1,2
azurlane_37,.jpg,azurlane_37.jpg,1,2
azurlane_38,.jpg,azurlane_38.jpg,1,2
azurlane_39,.jpg,azurlane_39.jpg,1,2
azurlane_40,.jpg,azurlane_40.jpg,1,2
azurlane_41,.jpg,azurlane_41.jpg,1,2
azurlane_42,.jpg,azurlane_42.jpg,1,2
azurlane_43,.jpg,azurlane_43.jpg,1,3
azurlane_44,.jpg,azurlane_44.jpg,1,3
azurlane_45,.jpg,azurlane_45.jpg,1,3
azurlane_46,.jpg,azurlane_46.jpg,1,3
azurlane_47,.jpg,azurlane_47.jpg,1,3
azurlane_48,.jpg,azurlane_48.jpg,1,3
azurlane_49,.jpg,azurlane_49.jpg,1,3
azurlane_50,.jpg,azurlane_50.jpg,1,3
azurlane_51,.jpg,azurlane_51.jpg,1,3
azurlane_52,.jpg,azurlane_52.jpg,1,3
azurlane_53,.jpg,azurlane_53.jpg,1,3
azurlane_54,.jpg,azurlane_54.jpg,1,3
azurlane_55,.jpg,azurlane_55.jpg,1,3
azurlane_56,.jpg,azurlane_56.jpg,1,4
azurlane_57,.jpg,azurlane_57.jpg,1,4
azurlane_58,.jpg,azurlane_58.jpg,1,4
azurlane_59,.jpg,azurlane_59.jpg,1,4
azurlane_60,.jpg,azurlane_60.jpg,1,4
azurlane_61,.jpg,azurlane_61.jpg,1,4
azurlane_62,.jpg,azurlane_62.jpg,1,4
azurlane_63,.jpg,azurlane_63.jpg,1,4
azurlane_64,.jpg,azurlane_64.jpg,1,4
azurlane_65,.jpg,azurlane_65.jpg,1,4
azurlane_66,.jpg,azurlane_66.jpg,1,5
azurlane_67,.jpg,azurlane_67.jpg,2,0
azurlane_68,.jpg,azurlane_68.jpg,2,0
azurlane_69,.jpg,azurlane_69.jpg,2,0
azurlane_70,.jpg,azurlane_70.jpg,2,0
azurlane_71,.jpg,azurlane_71.jpg,2,0
azurlane_72,.jpg,azurlane_72.jpg,2,0
azurlane_73,.jpg,azurlane_73.jpg,2,0
azurlane_74,.jpg,azurlane_74.jpg,2,0
azurlane_75,.jpg,azurlane_75.jpg,2,0
azurlane_76,.jpg,azurlane_76.jpg,2,0
azurlane_77,.jpg,azurlane_77.jpg,2,0
azurlane_78,.jpg,azurlane_78.jpg,2,0
azurlane_79,.jpg,azurlane_79.jpg,2,0
azurlane_80,.jpg,azurlane_80.jpg,2,0
azurlane_81,.jpg,azurlane_81.jpg,2,0
azurlane_82,.jpg,azurlane_82.jpg,2,0
azurlane_83,.jpg,azurlane_83.jpg,2,0
azurlane_84,.jpg,azurlane_84.jpg,2,1
azurlane_85,.jpg,azurlane_85.jpg,2,1
azurlane_86,.jpg,azurlane_86.jpg,2,1
azurlane_87,.jpg,azurlane_87.jpg,2,1
azurlane_88,.jpg,azurlane_88.jpg,2,1
azurlane_89,.jpg,azurlane_89.jpg,2,1
azurlane_90,.jpg,azurlane_90.jpg,2,1
azurlane_91,.jpg,azurlane_91.jpg,2,1
azurlane_92,.jpg,azurlane_92.jpg,2,1
azurlane_93,.jpg,azurlane_93.jpg,2,1
azurlane_94,.jpg,azurlane_94.jpg,2,1
azurlane_95,.jpg,azurlane_95.jpg,2,1
azurlane_96,.jpg,azurlane_96.jpg,2,1
azurlane_97,.jpg,azurlane_97.jpg,2,2
azurlane_98,.jpg,azurlane_98.jpg,2,2
azurlane_99,.jpg,azurlane_99.jpg,2,2
azurlane_100,.jpg,azurlane_100.jpg,2,2
azurlane_101,.jpg,azurlane_101.jpg,2,2
azurlane_102,.jpg,azurlane_102.jpg,2,2
azurlane_103,.jpg,azurlane_103.jpg,2,2
azurlane_104,.jpg,azurlane_104.jpg,2,2
azurlane_105,.jpg,azurlane_105.jpg,2,3
azurlane_106,.jpg,azurlane_106.jpg,2,3
azurlane_107,.jpg,azurlane_107.jpg,2,3
azurlane_108,.jpg,azurlane_108.jpg,2,3
azurlane_109,.jpg,azurlane_109.jpg,2,3
azurlane_110,.jpg,azurlane_110.jpg,2,3
azurlane_111,.jpg,azurlane_111.jpg,2,3
azurlane_112,.jpg,azurlane_112.jpg,2,3
azurlane_113,.jpg,azurlane_113.jpg,2,3
azurlane_114,.jpg,azurlane_114.jpg,2,3
azurlane_115,.jpg,azurlane_115.jpg,2,3
azurlane_116,.jpg,azurlane_116.jpg,2,4
azurlane_117,.jpg,azurlane_117.jpg,2,4
azurlane_118,.jpg,azurlane_118.jpg,2,4
azurlane_119,.jpg,azurlane_119.jpg,2,4
azurlane_120,.jpg,azurlane_120.jpg,2,4
azurlane_121,.jpg,azurlane_121.jpg,2,4
azurlane_122,.jpg,azurlane_122.jpg,2,4
azurlane_123,.jpg,azurlane_123.jpg,2,4
azurlane_124,.jpg,azurlane_124.jpg,2,6
azurlane_125,.jpg,azurlane_125.jpg,2,6
azurlane_126,.jpg,azurlane_126.jpg,3,0
azurlane_127,.jpg,azurlane_127.jpg,3,0
azurlane_128,.jpg,azurlane_128.jpg,3,0
azurlane_129,.jpg,azurlane_129.jpg,3,0
azurlane_130,.jpg,azurlane_130.jpg,3,0
azurlane_131,.jpg,azurlane_131.jpg,3,0
azurlane_132,.jpg,azurlane_132.jpg,3,0
azurlane_133,.jpg,azurlane_133.jpg,3,0
azurlane_134,.jpg,azurlane_134.jpg,3,0
azurlane_135,.jpg,azurlane_135.jpg,3,0
azurlane_136,.jpg,azurlane_136.jpg,3,0
azurlane_137,.jpg,azurlane_137.jpg,3,0
azurlane_138,.jpg,azurlane_138.jpg,3,0
azurlane_139,.jpg,azurlane_139.jpg,3,0
azurlane_140,.jpg,azurlane_140.jpg,3,0
azurlane_141,.jpg,azurlane_141.jpg,3,0
azurlane_142,.jpg,azurlane_142.jpg,3,0
azurlane_143,.jpg,azurlane_143.jpg,3,0
azurlane_144,.jpg,azurlane_144.jpg,3,0
azurlane_145,.jpg,azurlane_145.jpg,3,0
azurlane_146,.jpg,azurlane_146.jpg,3,0
azurlane_147,.jpg,azurlane_147.jpg,3,0
azurlane_148,.jpg,azurlane_148.jpg,3,1
azurlane_149,.jpg,azurlane_149.jpg,3,1
azurlane_150,.jpg,azurlane_150.jpg,3,1
azurlane_151,.jpg,azurlane_151.jpg,3,1
azurlane_152,.jpg,azurlane_152.jpg,3,1
azurlane_153,.jpg,azurlane_153.jpg,3,1
azurlane_154,.jpg,azurlane_154.jpg,3,1
azurlane_155,.jpg,azurlane_155.jpg,3,1
azurlane_156,.jpg,azurlane_156.jpg,3,2
azurlane_157,.jpg,azurlane_157.jpg,3,2
azurlane_158,.jpg,azurlane_158.jpg,3,2
azurlane_159,.jpg,azurlane_159.jpg,3,2
azurlane_160,.jpg,azurlane_160.jpg,3,2
azurlane_161,.jpg,azurlane_161.jpg,3,2
azurlane_162,.jpg,azurlane_162.jpg,3,2
azurlane_163,.jpg,azurlane_163.jpg,3,2
azurlane_164,.jpg,azurlane_164.jpg,3,2
azurlane_165,.jpg,azurlane_165.jpg,3,2
azurlane_166,.jpg,azurlane_166.jpg,3,2
azurlane_167,.jpg,azurlane_167.jpg,3,2
azurlane_168,.jpg,azurlane_168.jpg,3,2
azurlane_169,.jpg,azurlane_169.jpg,3,3
azurlane_170,.jpg,azurlane_170.jpg,3,3
azurlane_171,.jpg,azurlane_171.jpg,3,3
azurlane_172,.jpg,azurlane_172.jpg,3,3
azurlane_173,.jpg,azurlane_173.jpg,3,3
azurlane_174,.jpg,azurlane_174.jpg,3,3
azurlane_175,.jpg,azurlane_175.jpg,3,3
azurlane_176,.jpg,azurlane_176.jpg,3,3
azurlane_177,.jpg,azurlane_177.jpg,3,3
azurlane_178,.jpg,azurlane_178.jpg,3,3
azurlane_179,.jpg,azurlane_179.jpg,3,3
azurlane_180,.jpg,azurlane_180.jpg,3,3
azurlane_181,.jpg,azurlane_181.jpg,3,3
azurlane_182,.jpg,azurlane_182.jpg,3,4
azurlane_183,.jpg,azurlane_183.jpg,3,4
azurlane_184,.jpg,azurlane_184.jpg,3,4
azurlane_185,.jpg,azurlane_185.jpg,3,4
azurlane_186,.jpg,azurlane_186.jpg,3,4
azurlane_187,.jpg,azurlane_187.jpg,3,4
azurlane_188,.jpg,azurlane_188.jpg,3,4
azurlane_189,.jpg,azurlane_189.jpg,3,4
azurlane_190,.jpg,azurlane_190.jpg,3,4
azurlane_191,.jpg,azurlane_191.jpg,3,4
azurlane_192,.jpg,azurlane_192.jpg,3,4
azurlane_193,.jpg,azurlane_193.jpg,3,4
azurlane_194,.jpg,azurlane_194.jpg,3,4
azurlane_195,.jpg,azurlane_195.jpg,3,5
azurlane_196,.jpg,azurlane_196.jpg,4,0
azurlane_197,.jpg,azurlane_197.jpg,4,0
azurlane_198,.jpg,azurlane_198.jpg,4,0
azurlane_199,.jpg,azurlane_199.jpg,4,1
azurlane_200,.jpg,azurlane_200.jpg,4,1
azurlane_201,.jpg,azurlane_201.jpg,4,1
azurlane_202,.jpg,azurlane_202.jpg,4,1
azurlane_203,.jpg,azurlane_203.jpg,4,2
azurlane_204,.jpg,azurlane_204.jpg,4,2
azurlane_205,.jpg,azurlane_205.jpg,4,2
azurlane_206,.jpg,azurlane_206.jpg,4,2
azurlane_207,.jpg,azurlane_207.jpg,4,2
azurlane_208,.jpg,azurlane_208.jpg,4,3
azurlane_209,.jpg,azurlane_209.jpg,4,3
azurlane_210,.jpg,azurlane_210.jpg,4,3
azurlane_211,.jpg,azurlane_211.jpg,4,3
azurlane_212,.jpg,azurlane_212.jpg,4,4
azurlane_213,.jpg,azurlane_213.jpg,5,0
azurlane_214,.jpg,azurlane_214.jpg,5,0
azurlane_215,.jpg,azurlane_215.jpg,5,0
azurlane_216,.jpg,azurlane_216.jpg,5,0
azurlane_217,.jpg,azurlane_217.jpg,5,1
azurlane_218,.jpg,azurlane_218.jpg,5,1
azurlane_219,.jpg,azurlane_219.jpg,5,1
azurlane_220,.jpg,azurlane_220.jpg,6,1
azurlane_221,.jpg,azurlane_221.jpg,1,0
azurlane_222,.jpg,azurlane_222.jpg,4,0
azurlane_223,.jpg,azurlane_223.jpg,4,0
azurlane_224,.jpg,azurlane_224.jpg,4,0
azurlane_225,.jpg,azurlane_225.jpg,4,0
azurlane_226,.jpg,azurlane_226.jpg,3,0
azurlane_227,.jpg,azurlane_227.jpg,3,0
azurlane_228,.jpg,azurlane_228.jpg,3,0
azurlane_229,.jpg,azurlane_229.jpg,3,0
azurlane_230,.jpg,azurlane_230.jpg,3,0
azurlane_231,.jpg,azurlane_231.jpg,3,0
azurlane_232,.jpg,azurlane_232.jpg,3,0
azurlane_233,.jpg,azurlane_233.jpg,3,0
azurlane_234,.jpg,azurlane_234.jpg,3,0
azurlane_235,.jpg,azurlane_235.jpg,3,0
azurlane_236,.jpg,azurlane_236.jpg,3,0
azurlane_237,.jpg,azurlane_237.jpg,3,0
azurlane_238,.jpg,azurlane_238.jpg,3,0
azurlane_239,.jpg,azurlane_239.jpg,3,0
azurlane_240,.jpg,azurlane_240.jpg,3,0
azurlane_241,.jpg,azurlane_241.jpg,3,0
azurlane_242,.jpg,azurlane_242.jpg,3,0
azurlane_243,.jpg,azurlane_243.jpg,1,0
azurlane_244,.jpg,azurlane_244.jpg,1,0
azurlane_245,.jpg,azurlane_245.jpg,1,0
azurlane_246,.jpg,azurlane_246.jpg,1,1
azurlane_247,.jpg,azurlane_247.jpg,1,1
azurlane_248,.jpg,azurlane_248.jpg,1,1
azurlane_249,.jpg,azurlane_249.jpg,2,0
azurlane_250,.jpg,azurlane_250.jpg,2,0
azurlane_251,.jpg,azurlane_251.jpg,3,1
azurlane_252,.jpg,azurlane_252.jpg,3,1
azurlane_253,.jpg,azurlane_253.jpg,3,1
azurlane_254,.jpg,azurlane_254.jpg,3,0
azurlane_255,.jpg,azurlane_255.jpg,3,0
azurlane_256,.jpg,azurlane_256.jpg,3,0
azurlane_257,.jpg,azurlane_257.jpg,3,0
azurlane_258,.jpg,azurlane_258.jpg,3,3
azurlane_259,.jpg,azurlane_259.jpg,3,1
azurlane_260,.jpg,azurlane_260.jpg,3,1
azurlane_261,.jpg,azurlane_261.jpg,3,1
azurlane_262,.jpg,azurlane_262.jpg,1,0
azurlane_263,.jpg,azurlane_263.jpg,1,0
azurlane_264,.jpg,azurlane_264.jpg,1,1
azurlane_265,.jpg,azurlane_265.jpg,1,1
azurlane_266,.jpg,azurlane_266.jpg,1,1
azurlane_267,.jpg,azurlane_267.jpg,1,1
azurlane_268,.jpg,azurlane_268.jpg,3,0
azurlane_269,.jpg,azurlane_269.jpg,3,0
azurlane_270,.jpg,azurlane_270.jpg,3,0
azurlane_271,.jpg,azurlane_271.jpg,3,0
azurlane_272,.jpg,azurlane_272.jpg,2,6
azurlane_273,.jpg,azurlane_273.jpg,2,2
azurlane_274,.jpg,azurlane_274.jpg,3,7
azurlane_275,.jpg,azurlane_275.jpg,3,7
azurlane_276,.jpg,azurlane_276.jpg,3,7
azurlane_277,.jpg,azurlane_277.jpg,4,7
azurlane_278,.jpg,azurlane_278.jpg,1,7
azurlane_279,.jpg,azurlane_279.jpg,4,7
azurlane_280,.jpg,azurlane_280.jpg,4,7
azurlane_281,.jpg,azurlane_281.jpg,4,0
azurlane_282,.jpg,azurlane_282.jpg,4,0
azurlane_283,.jpg,azurlane_283.jpg,7,0
azurlane_284,.jpg,azurlane_284.jpg,7,0
azurlane_285,.jpg,azurlane_285.jpg,7,1
azurlane_286,.jpg,azurlane_286.jpg,7,7
azurlane_287,.jpg,azurlane_287.jpg,8,0
azurlane_288,.jpg,azurlane_288.jpg,8,3
azurlane_289,.jpg,azurlane_289.jpg,8,3
azurlane_290,.jpg,azurlane_290.jpg,1,3
azurlane_291,.jpg,azurlane_291.jpg,1,0
azurlane_292,.jpg,azurlane_292.jpg,2,4
azurlane_293,.jpg,azurlane_293.jpg,1,4
azurlane_294,.jpg,azurlane_294.jpg,1,7
azurlane_295,.jpg,azurlane_295.jpg,7,0
azurlane_296,.jpg,azurlane_296.jpg,1,1
azurlane_297,.jpg,azurlane_297.jpg,2,1
azurlane_298,.jpg,azurlane_298.jpg,1,0
azurlane_299,.jpg,azurlane_299.jpg,1,0
azurlane_300,.jpg,azurlane_300.jpg,1,2
azurlane_301,.jpg,azurlane_301.jpg,1,0
azurlane_302,.jpg,azurlane_302.jpg,1,1
azurlane_303,.jpg,azurlane_303.jpg,3,3
azurlane_304,.jpg,azurlane_304.jpg,3,3
azurlane_305,.jpg,azurlane_305.jpg,3,0
azurlane_306,.jpg,azurlane_306.jpg,3,0
azurlane_307,.jpg,azurlane_307.jpg,2,1
azurlane_308,.jpg,azurlane_308.jpg,2,1
azurlane_309,.jpg,azurlane_309.jpg,2,1
azurlane_310,.jpg,azurlane_310.jpg,1,0
azurlane_311,.jpg,azurlane_311.jpg,1,0
azurlane_312,.jpg,azurlane_312.jpg,2,4
azurlane_313,.jpg,azurlane_313.jpg,1,4
azurlane_314,.jpg,azurlane_314.jpg,1,4
azurlane_315,.jpg,azurlane_315.jpg,4,0
azurlane_316,.jpg,azurlane_316.jpg,1,4
azurlane_317,.jpg,azurlane_317.jpg,3,7
azurlane_318,.jpg,azurlane_318.jpg,3,2
azurlane_319,.jpg,azurlane_319.jpg,4,7
azurlane_320,.jpg,azurlane_320.jpg,4,7
azurlane_321,.jpg,azurlane_321.jpg,4,0
azurlane_322,.jpg,azurlane_322.jpg,2,0
azurlane_323,.jpg,azurlane_323.jpg,2,1
azurlane_324,.jpg,azurlane_324.jpg,8,0
azurlane_325,.jpg,azurlane_325.jpg,7,0
azurlane_326,.jpg,azurlane_326.jpg,3,7
azurlane_327,.jpg,azurlane_327.jpg,3,7
azurlane_328,.jpg,azurlane_328.jpg,3,7
azurlane_329,.jpg,azurlane_329.jpg,4,7
azurlane_330,.jpg,azurlane_330.jpg,4,7
azurlane_331,.jpg,azurlane_331.jpg,1,3
azurlane_332,.jpg,azurlane_332.jpg,1,7
azurlane_333,.jpg,azurlane_333.jpg,1,4
azurlane_334,.jpg,azurlane_334.jpg,1,1
azurlane_335,.jpg,azurlane_335.jpg,1,1
azurlane_336,.jpg,azurlane_336.jpg,1,0
azurlane_337,.jpg,azurlane_337.jpg,1,0
azurlane_338,.jpg,azurlane_338.jpg,2,1
azurlane_339,.jpg,azurlane_339.jpg,1,0
azurlane_340,.jpg,azurlane_340.jpg,9,3
azurlane_341,.jpg,azurlane_341.jpg,9,3
azurlane_342,.jpg,azurlane_342.jpg,9,3
azurlane_343,.jpg,azurlane_343.jpg,9,2
azurlane_344,.jpg,azurlane_344.jpg,9,2
azurlane_345,.jpg,azurlane_345.jpg,9,0
azurlane_346,.jpg,azurlane_346.jpg,4,7
azurlane_347,.jpg,azurlane_347.jpg,1,0
azurlane_348,.jpg,azurlane_348.jpg,8,3
azurlane_349,.jpg,azurlane_349.jpg,3,4
azurlane_350,.jpg,azurlane_350.jpg,1,1
azurlane_351,.jpg,azurlane_351.jpg,2,1
azurlane_352,.jpg,azurlane_352.jpg,4,2
azurlane_353,.jpg,azurlane_353.jpg,2,1
azurlane_354,.jpg,azurlane_354.jpg,3,0
azurlane_355,.jpg,azurlane_355.jpg,3,3
azurlane_356,.jpg,azurlane_356.jpg,3,4
azurlane_357,.jpg,azurlane_357.jpg,1,0
azurlane_358,.jpg,azurlane_358.jpg,1,1
azurlane_359,.jpg,azurlane_359.jpg,3,0
azurlane_360,.jpg,azurlane_360.jpg,6,0
azurlane_361,.jpg,azurlane_361.jpg,6,0
azurlane_362,.jpg,azurlane_362.jpg,6,0
azurlane_363,.jpg,azurlane_363.jpg,6,1
azurlane_364,.jpg,azurlane_364.jpg,6,1
azurlane_365,.jpg,azurlane_365.jpg,6,1
azurlane_366,.jpg,azurlane_366.jpg,6,3
azurlane_367,.jpg,azurlane_367.jpg,6,3
azurlane_368,.jpg,azurlane_368.jpg,6,3
azurlane_369,.jpg,azurlane_369.jpg,1,4
azurlane_370,.jpg,azurlane_370.jpg,1,2
azurlane_371,.jpg,azurlane_371.jpg,1,0
azurlane_372,.jpg,azurlane_372.jpg,1,1
azurlane_373,.jpg,azurlane_373.jpg,1,7
azurlane_374,.jpg,azurlane_374.jpg,1,4
azurlane_375,.jpg,azurlane_375.jpg,1,1
azurlane_376,.jpg,azurlane_376.jpg,3,0
azurlane_377,.jpg,azurlane_377.jpg,3,0
azurlane_378,.jpg,azurlane_378.jpg,8,0
azurlane_379,.jpg,azurlane_379.jpg,7,3
azurlane_380,.jpg,azurlane_380.jpg,7,1
azurlane_381,.jpg,azurlane_381.jpg,8,2
azurlane_382,.jpg,azurlane_382.jpg,8,1
azurlane_383,.jpg,azurlane_383.jpg,8,0
azurlane_384,.jpg,azurlane_384.jpg,7,4
azurlane_385,.jpg,azurlane_385.jpg,2,0
azurlane_386,.jpg,azurlane_386.jpg,2,3
azurlane_387,.jpg,azurlane_387.jpg,2,4
azurlane_388,.jpg,azurlane_388.jpg,2,1
azurlane_389,.jpg,azurlane_389.jpg,2,3
azurlane_390,.jpg,azurlane_390.jpg,2,0
azurlane_391,.jpg,azurlane_391.jpg,4,0
azurlane_392,.jpg,azurlane_392.jpg,4,7
azurlane_393,.jpg,azurlane_393.jpg,3,0
azurlane_394,.jpg,azurlane_394.jpg,3,2
azurlane_395,.jpg,azurlane_395.jpg,3,4
azurlane_396,.jpg,azurlane_396.jpg,3,4
azurlane_397,.jpg,azurlane_397.jpg,3,8
azurlane_398,.jpg,azurlane_398.jpg,1,4
azurlane_399,.jpg,azurlane_399.jpg,3,4
azurlane_400,.jpg,azurlane_400.jpg,6,0
azurlane_401,.jpg,azurlane_401.jpg,2,1
azurlane_402,.jpg,azurlane_402.jpg,1,7
azurlane_403,.jpg,azurlane_403.jpg,1,2
azurlane_404,.jpg,azurlane_404.jpg,4,2
azurlane_405,.jpg,azurlane_405.jpg,2,4
azurlane_406,.jpg,azurlane_406.jpg,8,0
azurlane_407,.jpg,azurlane_407.jpg,4,4
azurlane_408,.jpg,azurlane_408.jpg,4,2
azurlane_409,.jpg,azurlane_409.jpg,4,7
azurlane_410,.jpg,azurlane_410.jpg,4,4
azurlane_411,.jpg,azurlane_411.jpg,4,1
azurlane_412,.jpg,azurlane_412.jpg,4,0
azurlane_413,.jpg,azurlane_413.jpg,4,0
azurlane_414,.jpg,azurlane_414.jpg,9,2
azurlane_415,.jpg,azurlane_415.jpg,9,0
azurlane_416,.jpg,azurlane_416.jpg,6,0
azurlane_417,.jpg,azurlane_417.jpg,4,7
azurlane_418,.jpg,azurlane_418.jpg,5,1
azurlane_419,.jpg,azurlane_419.jpg,5,1
azurlane_420,.jpg,azurlane_420.jpg,2,1
azurlane_421,.jpg,azurlane_421.jpg,6,2
azurlane_422,.jpg,azurlane_422.jpg,6,0
azurlane_423,.jpg,azurlane_423.jpg,6,1
azurlane_424,.jpg,azurlane_424.jpg,6,0
azurlane_425,.jpg,azurlane_425.jpg,9,3
azurlane_426,.jpg,azurlane_426.jpg,9,1
azurlane_427,.jpg,azurlane_427.jpg,9,4
azurlane_428,.jpg,azurlane_428.jpg,9,7
azurlane_429,.jpg,azurlane_429.jpg,9,0
azurlane_430,.jpg,azurlane_430.jpg,9,0
azurlane_431,.jpg,azurlane_431.jpg,9,0
azurlane_432,.jpg,azurlane_432.jpg,3,0
azurlane_433,.jpg,azurlane_433.jpg,1,0
azurlane_434,.jpg,azurlane_434.jpg,1,0
azurlane_435,.jpg,azurlane_435.jpg,1,4
azurlane_436,.jpg,azurlane_436.jpg,1,2
azurlane_437,.jpg,azurlane_437.jpg,1,7
azurlane_438,.jpg,azurlane_438.jpg,1,1
azurlane_439,.jpg,azurlane_439.jpg,1,0
azurlane_440,.jpg,azurlane_440.jpg,3,0
azurlane_441,.jpg,azurlane_441.jpg,1,0
azurlane_442,.jpg,azurlane_442.jpg,1,7
azurlane_443,.jpg,azurlane_443.jpg,3,4
azurlane_444,.jpg,azurlane_444.jpg,1,2
azurlane_445,.jpg,azurlane_445.jpg,7,0
azurlane_446,.jpg,azurlane_446.jpg,7,0
azurlane_447,.jpg,azurlane_447.jpg,8,2
azurlane_448,.jpg,azurlane_448.jpg,4,1
azurlane_449,.jpg,azurlane_449.jpg,4,4
azurlane_450,.jpg,azurlane_450.jpg,4,2
azurlane_451,.jpg,azurlane_451.jpg,4,7
azurlane_452,.jpg,azurlane_452.jpg,4,3
azurlane_453,.jpg,azurlane_453.jpg,5,1
azurlane_454,.jpg,azurlane_454.jpg,5,1
azurlane_455,.jpg,azurlane_455.jpg,1,1
azurlane_456,.jpg,azurlane_456.jpg,5,0
azurlane_457,.jpg,azurlane_457.jpg,6,4
azurlane_458,.jpg,azurlane_458.jpg,6,0
azurlane_459,.jpg,azurlane_459.jpg,6,3
azurlane_460,.jpg,azurlane_460.jpg,6,0
azurlane_461,.jpg,azurlane_461.jpg,6,4
azurlane_462,.jpg,azurlane_462.jpg,6,9
azurlane_463,.jpg,azurlane_463.jpg,9,4
azurlane_464,.jpg,azurlane_464.jpg,9,0
azurlane_465,.jpg,azurlane_465.jpg,9,2
azurlane_466,.jpg,azurlane_466.jpg,4,3
azurlane_467,.jpg,azurlane_467.jpg,4,3
azurlane_468,.jpg,azurlane_468.jpg,4,3
azurlane_469,.jpg,azurlane_469.jpg,4,2
azurlane_470,.jpg,azurlane_470.jpg,4,1
azurlane_471,.jpg,azurlane_471.jpg,4,1
azurlane_472,.jpg,azurlane_472.jpg,2,0
azurlane_473,.jpg,azurlane_473.jpg,2,1
azurlane_474,.jpg,azurlane_474.jpg,2,4
azurlane_475,.jpg,azurlane_475.jpg,2,3
azurlane_476,.jpg,azurlane_476.jpg,8,4
azurlane_477,.jpg,azurlane_477.jpg,8,0
azurlane_478,.jpg,azurlane_478.jpg,2,1
azurlane_479,.jpg,azurlane_479.jpg,9,7
azurlane_480,.jpg,azurlane_480.jpg,9,1
azurlane_481,.jpg,azurlane_481.jpg,9,2
azurlane_482,.jpg,azurlane_482.jpg,9,3
azurlane_483,.jpg,azurlane_483.jpg,9,0
azurlane_484,.jpg,azurlane_484.jpg,9,0
azurlane_485,.jpg,azurlane_485.jpg,4,0
azurlane_486,.jpg,azurlane_486.jpg,4,3
azurlane_487,.jpg,azurlane_487.jpg,3,0
azurlane_488,.jpg,azurlane_488.jpg,2,0
azurlane_489,.jpg,azurlane_489.jpg,2,4
azurlane_490,.jpg,azurlane_490.jpg,10,10
azurlane_491,.jpg,azurlane_491.jpg,19,0
azurlane_492,.jpg,azurlane_492.jpg,19,3
azurlane_493,.jpg,azurlane_493.jpg,19,2
azurlane_494,.jpg,azurlane_494.jpg,19,1
azurlane_495,.jpg,azurlane_495.jpg,19,3
azurlane_496,.jpg,azurlane_496.jpg,19,4
azurlane_497,.jpg,azurlane_497.jpg,19,1
azurlane_498,.jpg,azurlane_498.jpg,12,1
azurlane_499,.jpg,azurlane_499.jpg,12,4
azurlane_500,.jpg,azurlane_500.jpg,12,3
azurlane_501,.jpg,azurlane_501.jpg,12,2
azurlane_502,.jpg,azurlane_502.jpg,12,8
azurlane_503,.jpg,azurlane_503.jpg,12,7
azurlane_504,.jpg,azurlane_504.jpg,12,7
azurlane_505,.jpg,azurlane_505.jpg,13,1
azurlane_506,.jpg,azurlane_506.jpg,13,3
azurlane_507,.jpg,azurlane_507.jpg,13,1
azurlane_508,.jpg,azurlane_508.jpg,13,2
azurlane_509,.jpg,azurlane_509.jpg,13,2
azurlane_510,.jpg,azurlane_510.jpg,13,4
azurlane_511,.jpg,azurlane_511.jpg,13,3
azurlane_512,.jpg,azurlane_512.jpg,14,1
azurlane_513,.jpg,azurlane_513.jpg,14,2
azurlane_514,.jpg,azurlane_514.jpg,14,0
azurlane_515,.jpg,azurlane_515.jpg,14,4
azurlane_516,.jpg,azurlane_516.jpg,14,1
azurlane_517,.jpg,azurlane_517.jpg,14,2
azurlane_518,.jpg,azurlane_518.jpg,14,0
azurlane_519,.jpg,azurlane_519.jpg,14,4
azurlane_520,.jpg,azurlane_520.jpg,18,0
azurlane_521,.jpg,azurlane_521.jpg,18,0
azurlane_522,.jpg,azurlane_522.jpg,15,2
azurlane_523,.jpg,azurlane_523.jpg,15,0
azurlane_524,.jpg,azurlane_524.jpg,15,1
azurlane_525,.jpg,azurlane_525.jpg,15,4
azurlane_526,.jpg,azurlane_526.jpg,15,4
azurlane_527,.jpg,azurlane_527.jpg,15,4
azurlane_528,.jpg,azurlane_528.jpg,16,0
azurlane_529,.jpg,azurlane_529.jpg,16,2
azurlane_530,.jpg,azurlane_530.jpg,16,4
azurlane_531,.jpg,azurlane_531.jpg,16,3
azurlane_532,.jpg,azurlane_532.jpg,17,0
azurlane_533,.jpg,azurlane_533.jpg,17,4
azurlane_534,.jpg,azurlane_534.jpg,17,7
azurlane_535,.jpg,azurlane_535.jpg,17,0
azurlane_536,.jpg,azurlane_536.jpg,17,2
azurlane_537,.jpg,azurlane_537.jpg,17,4
azurlane_538,.jpg,azurlane_538.jpg,17,4
azurlane_539,.jpg,azurlane_539.jpg,2,1
azurlane_540,.jpg,azurlane_540.jpg,4,3
azurlane_541,.jpg,azurlane_541.jpg,5,1
azurlane_542,.jpg,azurlane_542.jpg,6,4
azurlane_543,.jpg,azurlane_543.jpg,7,9
azurlane_544,.jpg,azurlane_544.jpg,2,1
azurlane_545,.jpg,azurlane_545.jpg,2,3
azurlane_546,.jpg,azurlane_546.jpg,3,2
azurlane_547,.jpg,azurlane_547.jpg,3,3
azurlane_548,.jpg,azurlane_548.jpg,4,2
azurlane_549,.jpg,azurlane_549.jpg,7,2
azurlane_550,.jpg,azurlane_550.jpg,1,1
azurlane_551,.jpg,azurlane_551.jpg,1,3
azurlane_552,.jpg,azurlane_552.jpg,3,0
azurlane_553,.jpg,azurlane_553.jpg,3,9
azurlane_554,.jpg,azurlane_554.jpg,4,3
azurlane_555,.jpg,azurlane_555.jpg,8,3
azurlane_556,.jpg,azurlane_556.jpg,2,2
azurlane_557,.jpg,azurlane_557.jpg,2,2
azurlane_558,.jpg,azurlane_558.jpg,4,1
azurlane_559,.jpg,azurlane_559.jpg,4,3
azurlane_560,.jpg,azurlane_560.jpg,7,3
azurlane_561,.jpg,azurlane_561.jpg,1,2
azurlane_562,.jpg,azurlane_562.jpg,3,4
azurlane_563,.jpg,azurlane_563.jpg,4,9
azurlane_564,.jpg,azurlane_564.jpg,4,4
azurlane_565,.jpg,azurlane_565.jpg,9,3
azurlane_566,.jpg,azurlane_566.jpg,11,4
azurlane_567,.jpg,azurlane_567.jpg,11,4
azurlane_568,.jpg,azurlane_568.jpg,11,1
azurlane_569,.jpg,azurlane_569.jpg,11,4
azurlane_570,.jpg,azurlane_570.jpg,11,3
azurlane_571,.jpg,azurlane_571.jpg,11,4
azurlane_572,.jpg,azurlane_572.jpg,11,3
azurlane_573,.jpg,azurlane_573.jpg,11,4
azurlane_574,.jpg,azurlane_574.jpg,11,3
azurlane_575,.jpg,azurlane_575.jpg,11,3
azurlane_576,.jpg,azurlane_576.jpg,11,1
azurlane_577,.jpg,azurlane_577.jpg,11,3
azurlane_578,.jpg,azurlane_578.jpg,11,2
azurlane_579,.jpg,azurlane_579.jpg,11,3
azurlane_580,.jpg,azurlane_580.jpg,11,0
azurlane_581,.jpg,azurlane_581.jpg,1,0
azurlane_582,.jpg,azurlane_582.jpg,1,0
azurlane_583,.jpg,azurlane_583.jpg,1,0
azurlane_584,.jpg,azurlane_584.jpg,1,0
azurlane_585,.jpg,azurlane_585.jpg,1,0
azurlane_586,.jpg,azurlane_586.jpg,1,0
azurlane_587,.jpg,azurlane_587.jpg,1,1
azurlane_588,.jpg,azurlane_588.jpg,1,1
azurlane_589,.jpg,azurlane_589.jpg,1,1
azurlane_590,.jpg,azurlane_590.jpg,1,2
azurlane_591,.jpg,azurlane_591.jpg,1,3
azurlane_592,.jpg,azurlane_592.jpg,1,3
azurlane_593,.jpg,azurlane_593.jpg,1,4
azurlane_594,.jpg,azurlane_594.jpg,1,4
azurlane_595,.jpg,azurlane_595.jpg,1,4
azurlane_596,.jpg,azurlane_596.jpg,1,4
azurlane_597,.jpg,azurlane_597.jpg,1,4
azurlane_598,.jpg,azurlane_598.jpg,2,0
azurlane_599,.jpg,azurlane_599.jpg,2,0
azurlane_600,.jpg,azurlane_600.jpg,2,0
azurlane_601,.jpg,azurlane_601.jpg,2,0
azurlane_602,.jpg,azurlane_602.jpg,2,0
azurlane_603,.jpg,azurlane_603.jpg,2,0
azurlane_604,.jpg,azurlane_604.jpg,2,0
azurlane_605,.jpg,azurlane_605.jpg,2,0
azurlane_606,.jpg,azurlane_606.jpg,2,0
azurlane_607,.jpg,azurlane_607.jpg,2,1
azurlane_608,.jpg,azurlane_608.jpg,2,1
azurlane_609,.jpg,azurlane_609.jpg,2,1
azurlane_610,.jpg,azurlane_610.jpg,2,2
azurlane_611,.jpg,azurlane_611.jpg,2,2
azurlane_612,.jpg,azurlane_612.jpg,2,2
azurlane_613,.jpg,azurlane_613.jpg,2,2
azurlane_614,.jpg,azurlane_614.jpg,2,2
azurlane_615,.jpg,azurlane_615.jpg,2,3
azurlane_616,.jpg,azurlane_616.jpg,2,4
azurlane_617,.jpg,azurlane_617.jpg,2,4
azurlane_618,.jpg,azurlane_618.jpg,2,4
azurlane_619,.jpg,azurlane_619.jpg,3,0
azurlane_620,.jpg,azurlane_620.jpg,3,0
azurlane_621,.jpg,azurlane_621.jpg,3,0
azurlane_622,.jpg,azurlane_622.jpg,3,0
azurlane_623,.jpg,azurlane_623.jpg,3,0
azurlane_624,.jpg,azurlane_624.jpg,3,0
azurlane_625,.jpg,azurlane_625.jpg,3,0
azurlane_626,.jpg,azurlane_626.jpg,3,0
azurlane_627,.jpg,azurlane_627.jpg,3,0
azurlane_628,.jpg,azurlane_628.jpg,3,1
azurlane_629,.jpg,azurlane_629.jpg,3,1
azurlane_630,.jpg,azurlane_630.jpg,3,1
azurlane_631,.jpg,azurlane_631.jpg,3,1
azurlane_632,.jpg,azurlane_632.jpg,3,2
azurlane_633,.jpg,azurlane_633.jpg,3,2
azurlane_634,.jpg,azurlane_634.jpg,3,2
azurlane_635,.jpg,azurlane_635.jpg,3,11
azurlane_636,.jpg,azurlane_636.jpg,3,11
azurlane_637,.jpg,azurlane_637.jpg,3,11
azurlane_638,.jpg,azurlane_638.jpg,3,11
azurlane_639,.jpg,azurlane_639.jpg,3,4
azurlane_640,.jpg,azurlane_640.jpg,3,4
azurlane_641,.jpg,azurlane_641.jpg,3,4
azurlane_642,.jpg,azurlane_642.jpg,4,0
azurlane_643,.jpg,azurlane_643.jpg,4,0
azurlane_644,.jpg,azurlane_644.jpg,4,1
azurlane_645,.jpg,azurlane_645.jpg,4,1
azurlane_646,.jpg,azurlane_646.jpg,4,1
azurlane_647,.jpg,azurlane_647.jpg,5,12
azurlane_648,.jpg,azurlane_648.jpg,5,12
azurlane_649,.jpg,azurlane_649.jpg,5,1
azurlane_650,.jpg,azurlane_650.jpg,5,1
azurlane_651,.jpg,azurlane_651.jpg,1,0
azurlane_652,.jpg,azurlane_652.jpg,3,0
azurlane_653,.jpg,azurlane_653.jpg,3,0
azurlane_654,.jpg,azurlane_654.jpg,3,0
azurlane_655,.jpg,azurlane_655.jpg,3,0
azurlane_656,.jpg,azurlane_656.jpg,1,0
azurlane_657,.jpg,azurlane_657.jpg,3,1
azurlane_658,.jpg,azurlane_658.jpg,3,1
azurlane_659,.jpg,azurlane_659.jpg,3,0
azurlane_660,.jpg,azurlane_660.jpg,3,0
azurlane_661,.jpg,azurlane_661.jpg,7,0
azurlane_662,.jpg,azurlane_662.jpg,7,1
azurlane_663,.jpg,azurlane_663.jpg,8,0
azurlane_664,.jpg,azurlane_664.jpg,2,1
azurlane_665,.jpg,azurlane_665.jpg,2,1
azurlane_666,.jpg,azurlane_666.jpg,2,1
azurlane_667,.jpg,azurlane_667.jpg,1,4
azurlane_668,.jpg,azurlane_668.jpg,3,0
azurlane_669,.jpg,azurlane_669.jpg,6,1